market,rows,rmse
Market A,1680,109.08519311562911
Market B,1680,136.66426591402285
Market C,1680,73.16623366315447
Market D,1680,31.232071494818786
Market E,1680,37.133721892881006
Market F,1680,46.30108754359527
