{
  "selection_note": "Best selected among configs satisfying A-normal constraint.",
  "total_configs": 213,
  "valid_configs": 194,
  "best_config": {
    "config_type": "rule",
    "name": "rule_p0.90_t0.40_n0.20_l0.00",
    "w_global": null,
    "overall_rmse": 52.63957930022056,
    "recent_folds_rmse": 47.568659192151216,
    "tail_rmse": 452.68105190556685,
    "worst_fold_rmse": 121.21759331337364,
    "n_A_normal": 4997,
    "rmse_A_normal": 92.34113919662332,
    "rmse_A_normal_baseline_v1": 92.33498297014258,
    "rmse_A_normal_constraint_max": 92.43498297014257,
    "a_normal_constraint_ok": 1,
    "n_A_lowprice": 549,
    "rmse_A_lowprice": 10.636534727757448,
    "n_B_lowprice": 549,
    "rmse_B_lowprice": 11.453854019254516,
    "n_C_lowprice": 549,
    "rmse_C_lowprice": 9.353369038979423,
    "n_E_lowprice": 549,
    "rmse_E_lowprice": 11.926430994473948,
    "w_peak": 0.9,
    "w_transition": 0.4,
    "w_normal": 0.2,
    "w_lowprice": 0.0,
    "force_market_a_normal_nonpeak_zero": 1.0
  },
  "challenger_config": {
    "config_type": "rule",
    "name": "rule_p0.90_t0.40_n0.20_l0.05",
    "w_global": null,
    "overall_rmse": 52.638828031656104,
    "recent_folds_rmse": 47.56866436641436,
    "tail_rmse": 452.68154604040836,
    "worst_fold_rmse": 121.21746029893262,
    "n_A_normal": 4997,
    "rmse_A_normal": 92.34113919662332,
    "rmse_A_normal_baseline_v1": 92.33498297014258,
    "rmse_A_normal_constraint_max": 92.43498297014257,
    "a_normal_constraint_ok": 1,
    "n_A_lowprice": 549,
    "rmse_A_lowprice": 10.611734547391674,
    "n_B_lowprice": 549,
    "rmse_B_lowprice": 11.396111746845799,
    "n_C_lowprice": 549,
    "rmse_C_lowprice": 9.315751166250934,
    "n_E_lowprice": 549,
    "rmse_E_lowprice": 11.852931129859034,
    "w_peak": 0.9,
    "w_transition": 0.4,
    "w_normal": 0.2,
    "w_lowprice": 0.05,
    "force_market_a_normal_nonpeak_zero": 1.0
  },
  "paths": {
    "blend_results_csv": "runs\\v3_blend_xgb\\20260222_160520_submission3_xgb_kickoff_blend\\blend_results.csv",
    "submission_v3": "runs\\v3_blend_xgb\\20260222_160520_submission3_xgb_kickoff_blend\\submission_v3.csv",
    "submission_v3_challenger": "runs\\v3_blend_xgb\\20260222_160520_submission3_xgb_kickoff_blend\\submission_v3_challenger.csv"
  },
  "inputs": {
    "v1_oof_path": "runs\\market_layer_xgb\\20260222_150523_submission3_xgb_kickoff_xgb_v1\\oof_market_layer.parquet",
    "v2_oof_path": "runs\\market_layer_xgb\\20260222_152031_submission3_xgb_kickoff_xgb_v2\\oof_market_layer.parquet",
    "v1_submission_path": "runs\\market_layer_xgb\\20260222_150523_submission3_xgb_kickoff_xgb_v1\\submission_recommended_none_alpha1.csv",
    "v2_submission_path": "runs\\market_layer_xgb\\20260222_152031_submission3_xgb_kickoff_xgb_v2\\submission_recommended_none_alpha1.csv",
    "feature_version": "v2",
    "use_xmk": 1
  }
}