{
  "selection_note": "Best selected among configs satisfying A-normal constraint.",
  "total_configs": 213,
  "valid_configs": 204,
  "best_config": {
    "config_type": "rule",
    "name": "rule_p0.90_t0.40_n0.20_l0.20",
    "w_global": null,
    "overall_rmse": 53.721645958088835,
    "recent_folds_rmse": 49.12945632546192,
    "tail_rmse": 465.5803862106904,
    "worst_fold_rmse": 159.7451635818892,
    "n_A_normal": 4999,
    "rmse_A_normal": 90.89058376128183,
    "rmse_A_normal_baseline_v1": 90.8856967175621,
    "rmse_A_normal_constraint_max": 90.98569671756209,
    "a_normal_constraint_ok": 1,
    "n_A_lowprice": 549,
    "rmse_A_lowprice": 11.045927980936982,
    "n_B_lowprice": 549,
    "rmse_B_lowprice": 11.193824643688655,
    "n_C_lowprice": 549,
    "rmse_C_lowprice": 9.782270130665884,
    "n_E_lowprice": 549,
    "rmse_E_lowprice": 11.296031704684365,
    "w_peak": 0.9,
    "w_transition": 0.4,
    "w_normal": 0.2,
    "w_lowprice": 0.2,
    "force_market_a_normal_nonpeak_zero": 1.0
  },
  "challenger_config": {
    "config_type": "rule",
    "name": "rule_p0.90_t0.40_n0.20_l0.10",
    "w_global": null,
    "overall_rmse": 53.72247423614469,
    "recent_folds_rmse": 49.129512406835396,
    "tail_rmse": 465.5801517310199,
    "worst_fold_rmse": 159.74630576306316,
    "n_A_normal": 4999,
    "rmse_A_normal": 90.89058376128183,
    "rmse_A_normal_baseline_v1": 90.8856967175621,
    "rmse_A_normal_constraint_max": 90.98569671756209,
    "a_normal_constraint_ok": 1,
    "n_A_lowprice": 549,
    "rmse_A_lowprice": 11.063854239364137,
    "n_B_lowprice": 549,
    "rmse_B_lowprice": 11.240027106651448,
    "n_C_lowprice": 549,
    "rmse_C_lowprice": 9.838970567693908,
    "n_E_lowprice": 549,
    "rmse_E_lowprice": 11.341484257586906,
    "w_peak": 0.9,
    "w_transition": 0.4,
    "w_normal": 0.2,
    "w_lowprice": 0.1,
    "force_market_a_normal_nonpeak_zero": 1.0
  },
  "paths": {
    "blend_results_csv": "runs\\v3_blend\\20260221_213508_recheck\\blend_results.csv",
    "submission_v3": "runs\\v3_blend\\20260221_213508_recheck\\submission_v3.csv",
    "submission_v3_challenger": "runs\\v3_blend\\20260221_213508_recheck\\submission_v3_challenger.csv"
  },
  "inputs": {
    "v1_oof_path": "runs/market_layer/20260221_152543_market_layer_v1/oof_market_layer.parquet",
    "v2_oof_path": "runs/market_layer/20260221_192226_v2_robustxmk/oof_market_layer.parquet",
    "v1_submission_path": "runs/market_layer/20260221_152543_market_layer_v1/submission_recommended_none_alpha0p7.csv",
    "v2_submission_path": "runs/market_layer/20260221_192226_v2_robustxmk/submission_recommended_none_alpha0p7.csv",
    "feature_version": "v2",
    "use_xmk": 1
  }
}