market,rows,rmse
Market A,336,145.98341776797835
Market B,336,151.98750026676575
Market C,336,45.4936095332263
Market D,336,42.75519815824441
Market E,336,45.85432614660229
Market F,336,42.360897730156175
