market,rows,rmse
Market A,336,147.2813813083324
Market B,336,157.65736984272485
Market C,336,89.84939107723505
Market D,336,43.480245756192545
Market E,336,46.11631601648176
Market F,336,47.61389203344369
