market,rows,rmse
Market A,336,146.96875397526503
Market B,336,155.80860241961955
Market C,336,83.77543189553055
Market D,336,42.51305660864254
Market E,336,45.04046209384168
Market F,336,44.12857270781916
