market,rows,rmse
Market A,1680,109.05731307954314
Market B,1680,166.58177143872413
Market C,1680,164.88306906132112
Market D,1680,32.82893763236758
Market E,1680,39.41095036631434
Market F,1680,45.992194077586454
