market,rows,rmse
Market A,336,146.47289884594784
Market B,336,191.67046294966448
Market C,336,90.15130889594442
Market D,336,37.772688065280676
Market E,336,41.12225459658488
Market F,336,42.40750155846218
