{
  "p_spike_mean_test": 0.017219057969371017,
  "run_id": "20260220-101135_intraday_submit_v1",
  "test_missing_meteo_rate": 0.04535043518094366,
  "train_rmse_in_sample": 24.449630461740792
}
