market,rows,rmse
Market A,336,148.7720170172439
Market B,336,143.37681547733808
Market C,336,46.51195942567288
Market D,336,46.101673346237924
Market E,336,49.61083743867255
Market F,336,44.44094868188411
